;ÉzÅ[ÉÄï« ////////////////////,,,,
CreateMeshBuilder,,,,
AddVertex,0.3,1,0,
AddVertex,0.3,7,0,
AddVertex,0.3,7,16.05,
AddVertex,0.3,1,16.05,
AddFace2,3,2,1,0
SetTextureCoordinates,0,0,0,
SetTextureCoordinates,1,1,0,
SetTextureCoordinates,2,1,1,
SetTextureCoordinates,3,0,1,
SetColor,128,128,128,20
GenerateNormals,,,,
CreateMeshBuilder,,,,
AddVertex,0.08,0,3.92,
AddVertex,0.08,0,4,
AddVertex,-0.08,0,4,
AddVertex,-0.08,0,3.92,
AddVertex,-0.08,0,4.08,
AddVertex,0.08,7.1,3.92,
AddVertex,0.08,7.1,4,
AddVertex,-0.08,7.1,4,
AddVertex,-0.08,7.1,3.92,
AddVertex,-0.08,7.1,4.08,
AddVertex,0.08,0,11.92,
AddVertex,0.08,0,12,
AddVertex,-0.08,0,12,
AddVertex,-0.08,0,11.92,
AddVertex,-0.08,0,12.08,
AddVertex,0.08,7.1,11.92,
AddVertex,0.08,7.1,12,
AddVertex,-0.08,7.1,12,
AddVertex,-0.08,7.1,11.92,
AddVertex,-0.08,7.1,12.08,
AddVertex,0.08,0,15.92,
AddVertex,0.08,0,16,
AddVertex,-0.08,0,16,
AddVertex,-0.08,0,15.92,
AddVertex,-0.08,0,16.08,
AddVertex,0.08,7.1,15.92,
AddVertex,0.08,7.1,16,
AddVertex,-0.08,7.1,16,
AddVertex,-0.08,7.1,15.92,
AddVertex,-0.08,7,16.08,
AddFace,1,6,5,0
AddFace,2,7,6,1
AddFace2,4,9,8,3
AddFace,11,16,15,10
AddFace,12,17,16,11
AddFace2,14,19,18,13
AddFace,21,26,25,20
AddFace,22,27,26,21
AddFace2,24,29,28,23
SetColor,255,255,255,
GenerateNormals,,,,
LoadTexture,staw01.bmp,,,
SetTextureCoordinates,0,0,0,
SetTextureCoordinates,1,0,0.5,
SetTextureCoordinates,2,0,1,
SetTextureCoordinates,5,7,0,
SetTextureCoordinates,6,7,0.5,
SetTextureCoordinates,7,7,1,
SetTextureCoordinates,10,0,0,
SetTextureCoordinates,11,0,0.5,
SetTextureCoordinates,12,0,1,
SetTextureCoordinates,15,7,0,
SetTextureCoordinates,16,7,0.5,
SetTextureCoordinates,17,7,1,
SetTextureCoordinates,20,0,0,
SetTextureCoordinates,21,0,0.5,
SetTextureCoordinates,22,0,1,
SetTextureCoordinates,25,7,0,
SetTextureCoordinates,26,7,0.5,
SetTextureCoordinates,27,7,1,
CreateMeshBuilder,,,,
AddVertex,0.35,0.95,0,
AddVertex,0.35,1.05,0,
AddVertex,0.25,1.05,0,
AddVertex,0.25,0.95,0,
AddVertex,0.35,0.95,16.05,
AddVertex,0.35,1.05,16.05,
AddVertex,0.25,1.05,16.05,
AddVertex,0.25,0.95,16.05,
AddVertex,0.35,1.95,0,
AddVertex,0.35,2.05,0,
AddVertex,0.25,2.05,0,
AddVertex,0.25,1.95,0,
AddVertex,0.35,1.95,16.05,
AddVertex,0.35,2.05,16.05,
AddVertex,0.25,2.05,16.05,
AddVertex,0.25,1.95,16.05,
AddVertex,0.35,2.95,0,
AddVertex,0.35,3.05,0,
AddVertex,0.25,3.05,0,
AddVertex,0.25,2.95,0,
AddVertex,0.35,2.95,16.05,
AddVertex,0.35,3.05,16.05,
AddVertex,0.25,3.05,16.05,
AddVertex,0.25,2.95,16.05,
AddVertex,0.35,3.95,0,
AddVertex,0.35,4.05,0,
AddVertex,0.25,4.05,0,
AddVertex,0.25,3.95,0,
AddVertex,0.35,3.95,16.05,
AddVertex,0.35,4.05,16.05,
AddVertex,0.25,4.05,16.05,
AddVertex,0.25,3.95,16.05,
AddVertex,0.35,4.95,0,
AddVertex,0.35,5.05,0,
AddVertex,0.25,5.05,0,
AddVertex,0.25,4.95,0,
AddVertex,0.35,4.95,16.05,
AddVertex,0.35,5.05,16.05,
AddVertex,0.25,5.05,16.05,
AddVertex,0.25,4.95,16.05,
AddVertex,0.35,5.95,0,
AddVertex,0.35,6.05,0,
AddVertex,0.25,6.05,0,
AddVertex,0.25,5.95,0,
AddVertex,0.35,5.95,16.05,
AddVertex,0.35,6.05,16.05,
AddVertex,0.25,6.05,16.05,
AddVertex,0.25,5.95,16.05,
AddVertex,0.35,6.95,0,
AddVertex,0.35,7.05,0,
AddVertex,0.25,7.05,0,
AddVertex,0.25,6.95,0,
AddVertex,0.35,6.95,16.05,
AddVertex,0.35,7.05,16.05,
AddVertex,0.25,7.05,16.05,
AddVertex,0.25,6.95,16.05,
AddFace,2,6,5,1
AddFace,3,7,6,2
AddFace,0,4,7,3
AddFace,10,14,13,9
AddFace,11,15,14,10
AddFace,8,12,15,11
AddFace,18,22,21,17
AddFace,19,23,22,18
AddFace,16,20,23,19
AddFace,26,30,29,25
AddFace,27,31,30,26
AddFace,24,28,31,27
AddFace,34,38,37,33
AddFace,35,39,38,34
AddFace,32,36,39,35
AddFace,42,46,45,41
AddFace,43,47,46,42
AddFace,40,44,47,43
AddFace,50,54,53,49
AddFace,51,55,54,50
AddFace,48,52,55,51
GenerateNormals,,,,
LoadTexture,staw02.bmp,,,
SetTextureCoordinates,0,0,0,
SetTextureCoordinates,1,1,0,
SetTextureCoordinates,2,0.203125,0,
SetTextureCoordinates,3,0.796875,0,
SetTextureCoordinates,4,0,16,
SetTextureCoordinates,5,1,16,
SetTextureCoordinates,6,0.203125,16,
SetTextureCoordinates,7,0.796875,16,
SetTextureCoordinates,8,0,0,
SetTextureCoordinates,9,1,0,
SetTextureCoordinates,10,0.203125,0,
SetTextureCoordinates,11,0.796875,0,
SetTextureCoordinates,12,0,16,
SetTextureCoordinates,13,1,16,
SetTextureCoordinates,14,0.203125,16,
SetTextureCoordinates,15,0.796875,16,
SetTextureCoordinates,16,0,0,
SetTextureCoordinates,17,1,0,
SetTextureCoordinates,18,0.203125,0,
SetTextureCoordinates,19,0.796875,0,
SetTextureCoordinates,20,0,16,
SetTextureCoordinates,21,1,16,
SetTextureCoordinates,22,0.203125,16,
SetTextureCoordinates,23,0.796875,16,
SetTextureCoordinates,24,0,0,
SetTextureCoordinates,25,1,0,
SetTextureCoordinates,26,0.203125,0,
SetTextureCoordinates,27,0.796875,0,
SetTextureCoordinates,28,0,16,
SetTextureCoordinates,29,1,16,
SetTextureCoordinates,30,0.203125,16,
SetTextureCoordinates,31,0.796875,16,
SetTextureCoordinates,32,0,0,
SetTextureCoordinates,33,1,0,
SetTextureCoordinates,34,0.203125,0,
SetTextureCoordinates,35,0.796875,0,
SetTextureCoordinates,36,0,16,
SetTextureCoordinates,37,1,16,
SetTextureCoordinates,38,0.203125,16,
SetTextureCoordinates,39,0.796875,16,
SetTextureCoordinates,40,0,0,
SetTextureCoordinates,41,1,0,
SetTextureCoordinates,42,0.203125,0,
SetTextureCoordinates,43,0.796875,0,
SetTextureCoordinates,44,0,16,
SetTextureCoordinates,45,1,16,
SetTextureCoordinates,46,0.203125,16,
SetTextureCoordinates,47,0.796875,16,
SetTextureCoordinates,48,0,0,
SetTextureCoordinates,49,1,0,
SetTextureCoordinates,50,0.203125,0,
SetTextureCoordinates,51,0.796875,0,
SetTextureCoordinates,52,0,16,
SetTextureCoordinates,53,1,16,
SetTextureCoordinates,54,0.203125,16,
SetTextureCoordinates,55,0.796875,16,
CreateMeshBuilder,,,,
AddVertex,-0.2,-0.2,0,
AddVertex,-1.2,-0.2,0,
AddVertex,-0.2,-0.2,16,
AddVertex,-1.2,-0.2,16,
AddFace,1,3,2,0
GenerateNormals,,,,
LoadTexture,staw03.bmp,,,
SetTextureCoordinates,0,0,0,
SetTextureCoordinates,1,1,0,
SetTextureCoordinates,2,0,16,
SetTextureCoordinates,3,1,16,
,,,,
,,,,
CreateMeshBuilder,,,,
AddVertex,0.16,0,7.84,
AddVertex,0.16,0,8,
AddVertex,-0.16,0,8,
AddVertex,-0.16,0,7.84,
AddVertex,-0.16,0,8.16,
AddVertex,0.16,7.3,7.84,
AddVertex,0.16,7.3,8,
AddVertex,-0.16,7.3,8,
AddVertex,-0.16,7.3,7.84,
AddVertex,-0.16,7.3,8.16,
AddFace,1,6,5,0
AddFace,2,7,6,1
AddFace2,4,9,8,3
SetColor,255,255,255,255
GenerateNormals,,,,
LoadTexture,staw04.bmp,,,
SetTextureCoordinates,0,0,0,
SetTextureCoordinates,1,0,0.5,
SetTextureCoordinates,2,0,1,
SetTextureCoordinates,5,7,0,
SetTextureCoordinates,6,7,0.5,
SetTextureCoordinates,7,7,1,
,,,,
CreateMeshBuilder,,,,
AddVertex,0.35,1,3.96,
AddVertex,0.3,1,3.96,
AddVertex,0.3,1,4.04,
AddVertex,0.35,7,3.96,
AddVertex,0.3,7,3.96,
AddVertex,0.3,7,4.04,
AddVertex,0.35,1,7.96,
AddVertex,0.3,1,7.96,
AddVertex,0.3,1,8.04,
AddVertex,0.35,7,7.96,
AddVertex,0.3,7,7.96,
AddVertex,0.3,7,8.04,
AddVertex,0.35,1,11.96,
AddVertex,0.3,1,11.96,
AddVertex,0.3,1,12.04,
AddVertex,0.35,7,11.96,
AddVertex,0.3,7,11.96,
AddVertex,0.3,7,12.04,
AddVertex,0.35,1,15.96,
AddVertex,0.3,1,15.96,
AddVertex,0.3,1,16.04,
AddVertex,0.35,7,15.96,
AddVertex,0.3,7,15.96,
AddVertex,0.3,7,16.04,
AddFace,1,4,3,0
AddFace,2,5,4,1
AddFace2,7,10,9,6
AddFace,8,11,10,7
AddFace,13,16,15,12
AddFace2,14,17,16,13
AddFace,19,22,21,18
AddFace,20,23,22,19
SetColor,255,255,255,
GenerateNormals,,,,
LoadTexture,staw05.bmp,,,
SetTextureCoordinates,0,1,0,
SetTextureCoordinates,1,1,0.666666667,
SetTextureCoordinates,2,1,1,
SetTextureCoordinates,3,7,0,
SetTextureCoordinates,4,7,0.666666667,
SetTextureCoordinates,5,7,1,
SetTextureCoordinates,6,1,0,
SetTextureCoordinates,7,1,0.666666667,
SetTextureCoordinates,8,1,1,
SetTextureCoordinates,9,7,0,
SetTextureCoordinates,10,7,0.666666667,
SetTextureCoordinates,11,7,1,
SetTextureCoordinates,12,1,0,
SetTextureCoordinates,13,1,0.666666667,
SetTextureCoordinates,14,1,1,
SetTextureCoordinates,15,7,0,
SetTextureCoordinates,16,7,0.666666667,
SetTextureCoordinates,17,7,1,
SetTextureCoordinates,18,1,0,
SetTextureCoordinates,19,1,0.666666667,
SetTextureCoordinates,20,1,1,
SetTextureCoordinates,21,7,0,
SetTextureCoordinates,22,7,0.666666667,
SetTextureCoordinates,23,7,1,
CreateMeshBuilder,,,,
AddVertex,0.23,1.08,3.92,
AddVertex,0.23,1.08,4.08,
AddVertex,0.08,1.08,3.92,
AddVertex,0.08,1.08,4.08,
AddVertex,0.23,0.98,3.92,
AddVertex,0.23,0.98,4.08,
AddVertex,0.08,0.98,3.92,
AddVertex,0.08,0.98,4.08,
AddVertex,0.23,2.02,3.92,
AddVertex,0.23,2.02,4.08,
AddVertex,0.08,2.02,3.92,
AddVertex,0.08,2.02,4.08,
AddVertex,0.23,1.92,3.92,
AddVertex,0.23,1.92,4.08,
AddVertex,0.08,1.92,3.92,
AddVertex,0.08,1.92,4.08,
AddVertex,0.23,3.02,3.92,
AddVertex,0.23,3.02,4.08,
AddVertex,0.08,3.02,3.92,
AddVertex,0.08,3.02,4.08,
AddVertex,0.23,2.92,3.92,
AddVertex,0.23,2.92,4.08,
AddVertex,0.08,2.92,3.92,
AddVertex,0.08,2.92,4.08,
AddVertex,0.23,4.02,3.92,
AddVertex,0.23,4.02,4.08,
AddVertex,0.08,4.02,3.92,
AddVertex,0.08,4.02,4.08,
AddVertex,0.23,3.92,3.92,
AddVertex,0.23,3.92,4.08,
AddVertex,0.08,3.92,3.92,
AddVertex,0.08,3.92,4.08,
AddVertex,0.23,5.02,3.92,
AddVertex,0.23,5.02,4.08,
AddVertex,0.08,5.02,3.92,
AddVertex,0.08,5.02,4.08,
AddVertex,0.23,4.92,3.92,
AddVertex,0.23,4.92,4.08,
AddVertex,0.08,4.92,3.92,
AddVertex,0.08,4.92,4.08,
AddVertex,0.23,6.02,3.92,
AddVertex,0.23,6.02,4.08,
AddVertex,0.08,6.02,3.92,
AddVertex,0.08,6.02,4.08,
AddVertex,0.23,5.92,3.92,
AddVertex,0.23,5.92,4.08,
AddVertex,0.08,5.92,3.92,
AddVertex,0.08,5.92,4.08,
AddVertex,0.23,7.02,3.92,
AddVertex,0.23,7.02,4.08,
AddVertex,0.08,7.02,3.92,
AddVertex,0.08,7.02,4.08,
AddVertex,0.23,6.92,3.92,
AddVertex,0.23,6.92,4.08,
AddVertex,0.08,6.92,3.92,
AddVertex,0.08,6.92,4.08,
AddVertex,0.23,1.08,7.92,
AddVertex,0.23,1.08,8.08,
AddVertex,0.16,1.08,7.92,
AddVertex,0.16,1.08,8.08,
AddVertex,0.23,2.02,7.92,
AddVertex,0.23,2.02,8.08,
AddVertex,0.16,2.02,7.92,
AddVertex,0.16,2.02,8.08,
AddVertex,0.23,3.02,7.92,
AddVertex,0.23,3.02,8.08,
AddVertex,0.16,3.02,7.92,
AddVertex,0.16,3.02,8.08,
AddVertex,0.23,4.02,7.92,
AddVertex,0.23,4.02,8.08,
AddVertex,0.16,4.02,7.92,
AddVertex,0.16,4.02,8.08,
AddVertex,0.23,5.02,7.92,
AddVertex,0.23,5.02,8.08,
AddVertex,0.16,5.02,7.92,
AddVertex,0.16,5.02,8.08,
AddVertex,0.23,6.02,7.92,
AddVertex,0.23,6.02,8.08,
AddVertex,0.16,6.02,7.92,
AddVertex,0.16,6.02,8.08,
AddVertex,0.23,7.02,7.92,
AddVertex,0.23,7.02,8.08,
AddVertex,0.16,7.02,7.92,
AddVertex,0.16,7.02,8.08,
AddVertex,0.23,1.08,11.92,
AddVertex,0.23,1.08,12.08,
AddVertex,0.08,1.08,11.92,
AddVertex,0.08,1.08,12.08,
AddVertex,0.23,0.98,11.92,
AddVertex,0.23,0.98,12.08,
AddVertex,0.08,0.98,11.92,
AddVertex,0.08,0.98,12.08,
AddVertex,0.23,2.02,11.92,
AddVertex,0.23,2.02,12.08,
AddVertex,0.08,2.02,11.92,
AddVertex,0.08,2.02,12.08,
AddVertex,0.23,1.92,11.92,
AddVertex,0.23,1.92,12.08,
AddVertex,0.08,1.92,11.92,
AddVertex,0.08,1.92,12.08,
AddVertex,0.23,3.02,11.92,
AddVertex,0.23,3.02,12.08,
AddVertex,0.08,3.02,11.92,
AddVertex,0.08,3.02,12.08,
AddVertex,0.23,2.92,11.92,
AddVertex,0.23,2.92,12.08,
AddVertex,0.08,2.92,11.92,
AddVertex,0.08,2.92,12.08,
AddVertex,0.23,4.02,11.92,
AddVertex,0.23,4.02,12.08,
AddVertex,0.08,4.02,11.92,
AddVertex,0.08,4.02,12.08,
AddVertex,0.23,3.92,11.92,
AddVertex,0.23,3.92,12.08,
AddVertex,0.08,3.92,11.92,
AddVertex,0.08,3.92,12.08,
AddVertex,0.23,5.02,11.92,
AddVertex,0.23,5.02,12.08,
AddVertex,0.08,5.02,11.92,
AddVertex,0.08,5.02,12.08,
AddVertex,0.23,4.92,11.92,
AddVertex,0.23,4.92,12.08,
AddVertex,0.08,4.92,11.92,
AddVertex,0.08,4.92,12.08,
AddVertex,0.23,6.02,11.92,
AddVertex,0.23,6.02,12.08,
AddVertex,0.08,6.02,11.92,
AddVertex,0.08,6.02,12.08,
AddVertex,0.23,5.92,11.92,
AddVertex,0.23,5.92,12.08,
AddVertex,0.08,5.92,11.92,
AddVertex,0.08,5.92,12.08,
AddVertex,0.23,7.02,11.92,
AddVertex,0.23,7.02,12.08,
AddVertex,0.08,7.02,11.92,
AddVertex,0.08,7.02,12.08,
AddVertex,0.23,6.92,11.92,
AddVertex,0.23,6.92,12.08,
AddVertex,0.08,6.92,11.92,
AddVertex,0.08,6.92,12.08,
AddVertex,0.23,1.08,15.92,
AddVertex,0.23,1.08,16.08,
AddVertex,0.08,1.08,15.92,
AddVertex,0.08,1.08,16.08,
AddVertex,0.23,0.98,15.92,
AddVertex,0.23,0.98,16.08,
AddVertex,0.08,0.98,15.92,
AddVertex,0.08,0.98,16.08,
AddVertex,0.23,2.02,15.92,
AddVertex,0.23,2.02,16.08,
AddVertex,0.08,2.02,15.92,
AddVertex,0.08,2.02,16.08,
AddVertex,0.23,1.92,15.92,
AddVertex,0.23,1.92,16.08,
AddVertex,0.08,1.92,15.92,
AddVertex,0.08,1.92,16.08,
AddVertex,0.23,3.02,15.92,
AddVertex,0.23,3.02,16.08,
AddVertex,0.08,3.02,15.92,
AddVertex,0.08,3.02,16.08,
AddVertex,0.23,2.92,15.92,
AddVertex,0.23,2.92,16.08,
AddVertex,0.08,2.92,15.92,
AddVertex,0.08,2.92,16.08,
AddVertex,0.23,4.02,15.92,
AddVertex,0.23,4.02,16.08,
AddVertex,0.08,4.02,15.92,
AddVertex,0.08,4.02,16.08,
AddVertex,0.23,3.92,15.92,
AddVertex,0.23,3.92,16.08,
AddVertex,0.08,3.92,15.92,
AddVertex,0.08,3.92,16.08,
AddVertex,0.23,5.02,15.92,
AddVertex,0.23,5.02,16.08,
AddVertex,0.08,5.02,15.92,
AddVertex,0.08,5.02,16.08,
AddVertex,0.23,4.92,15.92,
AddVertex,0.23,4.92,16.08,
AddVertex,0.08,4.92,15.92,
AddVertex,0.08,4.92,16.08,
AddVertex,0.23,6.02,15.92,
AddVertex,0.23,6.02,16.08,
AddVertex,0.08,6.02,15.92,
AddVertex,0.08,6.02,16.08,
AddVertex,0.23,5.92,15.92,
AddVertex,0.23,5.92,16.08,
AddVertex,0.08,5.92,15.92,
AddVertex,0.08,5.92,16.08,
AddVertex,0.23,7.02,15.92,
AddVertex,0.23,7.02,16.08,
AddVertex,0.08,7.02,15.92,
AddVertex,0.08,7.02,16.08,
AddVertex,0.23,6.92,15.92,
AddVertex,0.23,6.92,16.08,
AddVertex,0.08,6.92,15.92,
AddVertex,0.08,6.92,16.08,
AddFace2,2,3,1,0
AddFace2,6,7,5,4
AddFace2,10,11,9,8
AddFace2,14,15,13,12
AddFace2,18,19,17,16
AddFace2,22,23,21,20
AddFace2,26,27,25,24
AddFace2,30,31,29,28
AddFace2,34,35,33,32
AddFace2,38,39,37,36
AddFace2,42,43,41,40
AddFace2,46,47,45,44
AddFace2,50,51,49,48
AddFace2,54,55,53,52
AddFace2,58,59,57,56
AddFace2,62,63,61,60
AddFace2,66,67,65,64
AddFace2,70,71,69,68
AddFace2,74,75,73,72
AddFace2,78,79,77,76
AddFace2,82,83,81,80
AddFace2,86,87,85,84
AddFace2,90,91,89,88
AddFace2,94,95,93,92
AddFace2,98,99,97,96
AddFace2,102,103,101,100
AddFace2,106,107,105,104
AddFace2,110,111,109,108
AddFace2,114,115,113,112
AddFace2,118,119,117,116
AddFace2,122,123,121,120
AddFace2,126,127,125,124
AddFace2,130,131,129,128
AddFace2,134,135,133,132
AddFace2,138,139,137,136
AddFace2,142,143,141,140
AddFace2,146,147,145,144
AddFace2,150,151,149,148
AddFace2,154,155,153,152
AddFace2,158,159,157,156
AddFace2,162,163,161,160
AddFace2,166,167,165,164
AddFace2,170,171,169,168
AddFace2,174,175,173,172
AddFace2,178,179,177,176
AddFace2,182,183,181,180
AddFace2,186,187,185,184
AddFace2,190,191,189,188
AddFace2,194,195,193,192
Setcolor,255,255,255,
CreateMeshBuilder,,,,
AddVertex,0.23,1.08,4,
AddVertex,0.23,0.98,4,
AddVertex,0.08,1.08,4,
AddVertex,0.08,0.98,4,
AddVertex,0.23,2.02,4,
AddVertex,0.23,1.92,4,
AddVertex,0.08,2.02,4,
AddVertex,0.08,1.92,4,
AddVertex,0.23,3.02,4,
AddVertex,0.23,2.92,4,
AddVertex,0.08,3.02,4,
AddVertex,0.08,2.92,4,
AddVertex,0.23,4.02,4,
AddVertex,0.23,3.92,4,
AddVertex,0.08,4.02,4,
AddVertex,0.08,3.92,4,
AddVertex,0.23,5.02,4,
AddVertex,0.23,4.92,4,
AddVertex,0.08,5.02,4,
AddVertex,0.08,4.92,4,
AddVertex,0.23,6.02,4,
AddVertex,0.23,5.92,4,
AddVertex,0.08,6.02,4,
AddVertex,0.08,5.92,4,
AddVertex,0.23,7.02,4,
AddVertex,0.23,6.92,4,
AddVertex,0.08,7.02,4,
AddVertex,0.08,6.92,4,
AddVertex,0.23,1.08,12,
AddVertex,0.23,0.98,12,
AddVertex,0.08,1.08,12,
AddVertex,0.08,0.98,12,
AddVertex,0.23,2.02,12,
AddVertex,0.23,1.92,12,
AddVertex,0.08,2.02,12,
AddVertex,0.08,1.92,12,
AddVertex,0.23,3.02,12,
AddVertex,0.23,2.92,12,
AddVertex,0.08,3.02,12,
AddVertex,0.08,2.92,12,
AddVertex,0.23,4.02,12,
AddVertex,0.23,3.92,12,
AddVertex,0.08,4.02,12,
AddVertex,0.08,3.92,12,
AddVertex,0.23,5.02,12,
AddVertex,0.23,4.92,12,
AddVertex,0.08,5.02,12,
AddVertex,0.08,4.92,12,
AddVertex,0.23,6.02,12,
AddVertex,0.23,5.92,12,
AddVertex,0.08,6.02,12,
AddVertex,0.08,5.92,12,
AddVertex,0.23,7.02,12,
AddVertex,0.23,6.92,12,
AddVertex,0.08,7.02,12,
AddVertex,0.08,6.92,12,
AddVertex,0.23,1.08,16,
AddVertex,0.23,0.98,16,
AddVertex,0.08,1.08,16,
AddVertex,0.08,0.98,16,
AddVertex,0.23,2.02,16,
AddVertex,0.23,1.92,16,
AddVertex,0.08,2.02,16,
AddVertex,0.08,1.92,16,
AddVertex,0.23,3.02,16,
AddVertex,0.23,2.92,16,
AddVertex,0.08,3.02,16,
AddVertex,0.08,2.92,16,
AddVertex,0.23,4.02,16,
AddVertex,0.23,3.92,16,
AddVertex,0.08,4.02,16,
AddVertex,0.08,3.92,16,
AddVertex,0.23,5.02,16,
AddVertex,0.23,4.92,16,
AddVertex,0.08,5.02,16,
AddVertex,0.08,4.92,16,
AddVertex,0.23,6.02,16,
AddVertex,0.23,5.92,16,
AddVertex,0.08,6.02,16,
AddVertex,0.08,5.92,16,
AddVertex,0.23,7.02,16,
AddVertex,0.23,6.92,16,
AddVertex,0.08,7.02,16,
AddVertex,0.08,6.92,16,
AddFace2,2,3,1,0
AddFace2,6,7,5,4
AddFace2,10,11,9,8
AddFace2,14,15,13,12
AddFace2,18,19,17,16
AddFace2,22,23,21,20
AddFace2,26,27,25,24
AddFace2,30,31,29,28
AddFace2,34,35,33,32
AddFace2,38,39,37,36
AddFace2,42,43,41,40
AddFace2,46,47,45,44
AddFace2,50,51,49,48
AddFace2,54,55,53,52
AddFace2,58,59,57,56
AddFace2,62,63,61,60
AddFace2,66,67,65,64
AddFace2,70,71,69,68
AddFace2,74,75,73,72
AddFace2,78,79,77,76
AddFace2,82,83,81,80
Setcolor,240,240,240,
,,,,
CreateMeshBuilder,,,,
AddVertex,0.3,7.05,0,
AddVertex,-0.08,7.05,0,
AddVertex,0,7.4,0,
AddVertex,-0.08,7.4,0,
AddVertex,0,7.6,0,
AddVertex,-0.08,7.6,0,
AddVertex,-0.08,7.7,0,
AddVertex,0.3,7.05,4,
AddVertex,-0.08,7.05,4,
AddVertex,0,7.4,4,
AddVertex,-0.08,7.4,4,
AddVertex,0,7.6,4,
AddVertex,-0.08,7.6,4,
AddVertex,-0.08,7.7,4,
AddVertex,0.3,7.05,8,
AddVertex,-0.08,7.05,8,
AddVertex,0,7.4,8,
AddVertex,-0.08,7.4,8,
AddVertex,0,7.6,8,
AddVertex,-0.08,7.6,8,
AddVertex,-0.08,7.7,8,
AddVertex,0.3,7.05,12,
AddVertex,-0.08,7.05,12,
AddVertex,0,7.4,12,
AddVertex,-0.08,7.4,12,
AddVertex,0,7.6,12,
AddVertex,-0.08,7.6,12,
AddVertex,-0.08,7.7,12,
AddVertex,0.3,7.05,16,
AddVertex,-0.08,7.05,16,
AddVertex,0,7.4,16,
AddVertex,-0.08,7.4,16,
AddVertex,0,7.6,16,
AddVertex,-0.08,7.6,16,
AddVertex,-0.08,7.7,16,
AddFace,7,8,1,0
AddFace,8,9,2,1
AddFace,9,10,3,2
AddFace,10,11,4,3
AddFace,11,12,5,4
AddFace,12,13,6,5
AddFace,14,15,8,7
AddFace,15,16,9,8
AddFace,16,17,10,9
AddFace,17,18,11,10
AddFace,18,19,12,11
AddFace,19,20,13,12
AddFace,21,22,15,14
AddFace,22,23,16,15
AddFace,23,24,17,16
AddFace,24,25,18,17
AddFace,25,26,19,18
AddFace,26,27,20,19
AddFace,28,29,22,21
AddFace,29,30,23,22
AddFace,30,31,24,23
AddFace,31,32,25,24
AddFace,32,33,26,25
AddFace,33,34,27,26
LoadTexture,staw06.bmp,,,
SetTextureCoordinates,0,0,1,
SetTextureCoordinates,1,0,0.78125,
SetTextureCoordinates,2,0,0.46875,
SetTextureCoordinates,3,0,0.390625,
SetTextureCoordinates,4,0,0.171875,
SetTextureCoordinates,5,0,0.109375,
SetTextureCoordinates,6,0,0,
SetTextureCoordinates,7,1,1,
SetTextureCoordinates,8,1,0.78125,
SetTextureCoordinates,9,1,0.46875,
SetTextureCoordinates,10,1,0.390625,
SetTextureCoordinates,11,1,0.171875,
SetTextureCoordinates,12,1,0.109375,
SetTextureCoordinates,13,1,0,
SetTextureCoordinates,14,2,1,
SetTextureCoordinates,15,2,0.78125,
SetTextureCoordinates,16,2,0.46875,
SetTextureCoordinates,17,2,0.390625,
SetTextureCoordinates,18,2,0.171875,
SetTextureCoordinates,19,2,0.109375,
SetTextureCoordinates,20,2,0,
SetTextureCoordinates,21,3,1,
SetTextureCoordinates,22,3,0.78125,
SetTextureCoordinates,23,3,0.46875,
SetTextureCoordinates,24,3,0.390625,
SetTextureCoordinates,25,3,0.171875,
SetTextureCoordinates,26,3,0.109375,
SetTextureCoordinates,27,3,0,
SetTextureCoordinates,28,4,1,
SetTextureCoordinates,29,4,0.78125,
SetTextureCoordinates,30,4,0.46875,
SetTextureCoordinates,31,4,0.390625,
SetTextureCoordinates,32,4,0.171875,
SetTextureCoordinates,33,4,0.109375,
SetTextureCoordinates,34,4,0,
,,,,
CreateMeshBuilder,,,,
AddVertex,0.35,0.5,0,
AddVertex,0.25,0.5,0,
AddVertex,0.25,0.4,0,
AddVertex,0.16,0.37,0,
AddVertex,0.16,0.2,0,
AddVertex,0,0.2,0,
AddVertex,0,-0.4,0,
AddVertex,0.35,0.5,16.05,
AddVertex,0.25,0.5,16.05,
AddVertex,0.25,0.4,16.05,
AddVertex,0.16,0.37,16.05,
AddVertex,0.16,0.2,16.05,
AddVertex,0,0.2,16.05,
AddVertex,0,-0.4,16.05,
AddFace,8,7,0,1
AddFace,9,8,1,2
AddFace,10,9,2,3
AddFace,11,10,3,4
AddFace,12,11,4,5
AddFace,13,12,5,6
GenerateNormals,,,,
LoadTexture,staw08.bmp,,,
SetTextureCoordinates,0,1,0,
SetTextureCoordinates,1,0.9609375,0,
SetTextureCoordinates,2,0.82421875,0,
SetTextureCoordinates,3,0.7109375,0,
SetTextureCoordinates,4,0.41796875,0,
SetTextureCoordinates,5,0.3203125,0,
SetTextureCoordinates,6,0,0,
SetTextureCoordinates,7,1,4,
SetTextureCoordinates,8,0.9609375,4,
SetTextureCoordinates,9,0.82421875,4,
SetTextureCoordinates,10,0.7109375,4,
SetTextureCoordinates,11,0.41796875,4,
SetTextureCoordinates,12,0.3203125,4,
SetTextureCoordinates,13,0,4,
,,,,
CreateMeshBuilder,,,,
AddVertex,0.23,0.47,4,
AddVertex,0.23,0.4,4,
AddVertex,0.08,0.47,4,
AddVertex,0.08,0.37,4,
AddVertex,0.23,0.47,12,
AddVertex,0.23,0.4,12,
AddVertex,0.08,0.47,12,
AddVertex,0.08,0.37,12,
AddVertex,0.23,0.47,16,
AddVertex,0.23,0.4,16,
AddVertex,0.08,0.47,16,
AddVertex,0.08,0.37,16,
AddFace,3,2,0,1
AddFace,7,6,4,5
AddFace,11,10,8,9
Setcolor,240,240,240,
,,,,
CreateMeshBuilder,,,,
AddVertex,0.23,0.47,3.92,
AddVertex,0.23,0.47,4.08,
AddVertex,0.08,0.47,4.08,
AddVertex,0.08,0.47,3.92,
AddVertex,0.23,0.47,7.92,
AddVertex,0.23,0.47,8.08,
AddVertex,0.08,0.47,8.08,
AddVertex,0.08,0.47,7.92,
AddVertex,0.23,0.47,11.92,
AddVertex,0.23,0.47,12.08,
AddVertex,0.08,0.47,12.08,
AddVertex,0.08,0.47,11.92,
AddFace,3,2,1,0
AddFace,7,6,5,4
AddFace,11,10,9,8
Setcolor,255,255,255,
